branch,month,total_sales,growth_rate
A,1,38681.145,NULL
A,2,29860.129,-22.8044335
A,3,37659.135,26.1184605
B,1,37176.068,NULL
B,2,34424.285,-7.4020281
B,3,34597.356,0.5027584
C,1,40434.699,NULL
C,2,32934.997,-18.5476885
C,3,37199.052,12.9468814
